"archivo_anterior","archivo_nuevo","categoria","subcategoria","nombre"
"vela-de-cera-01","vela-de-cera-rosa-gold","Velas","Metalizadas","Rosa Gold Metálico"
"vela-de-cera-02","vela-de-crea-oro-champagne","Velas","Metalizadas","Oro Champagne Metálico"
"vela-de-cera-03","vela-de-cera-tinto","Velas","Metalizadas","Tinto Metálico"
"vela-de-cera-04","vela-de-cera-colores","Velas","Metalizadas","Colores Metálico"
"vela-de-cera-05","vela-de-cera-azul","Velas","Metalizadas","Azul Metálico"
"vela-de-cera-06","vela-de-cera-plateada","Velas","Metalizadas","Plateado Metálico"
"vela-de-cera-07","vela-de-cera-colores-plus","Velas","Metalizadas","Colores Plus Metálico"
"velas-de-cera-numero-01","vela-de-cera-de-numero-plateada","Velas","Números","Vela de Cera de Número Plateada"
"velas-de-cera-numero-02","vela-de-cera-de-numero-dorada-corona","Velas","Números","Vela de Cera de Número Dorada Corona"
"velas-de-cera-numero-03","vela-de-cera-de-numero-plateada-corona","Velas","Números","Vela de Cera de Número Plateada Corona"
"velas-de-cera-numero-04","vela-de-cera-de-numero-dorada","Velas","Números","Vela de Cera de Número Dorada"
"vela-pirotecnia-01","vela-pirotecnia-rosa","Velas","Pirotécnicas","Vela Pirotecnia Rosa"
"vela-pirotecnia-02","velas-pirotecnia-colores","Velas","Pirotécnicas","Velas Pirotecnia Colores"
"vela-pirotecnia-03","velas-pirotecnia-paquete","Velas","Pirotécnicas","Velas Pirotecnia Paquete"
"velas-de-cera-espiral-01","vela-espiral-rosa-gold","Velas","Espiral","Rosa Gold"
"velas-de-cera-espiral-02","vela-espiral-fushia","Velas","Espiral","Fushia"
"velas-de-cera-espiral-03","vela-espiral-morada","Velas","Espiral","Morada"
"velas-de-cera-espiral-04","vela-espiral-negro","Velas","Espiral","Negro"
"velas-de-cera-espiral-05","vela-espiral-plateado","Velas","Espiral","Plateado"
"velas-de-cera-espiral-06","vela-espiral-cobre","Velas","Espiral","Cobre"
"velas-de-cera-espiral-07","vela-espiral-colores-plus","Velas","Espiral","Colores Plus"
"velas-de-cera-espiral-08","vela-espiral-dorado","Velas","Espiral","Dorado"
"vela-de-cera-creativa-01","vela-de-rosas","Velas","Rosas","Vela de Rosas"
"vela-de-cera-creativa-02","vela-de-rosa-azul","Velas","Rosas","Vela de Rosa Azul"
"velas-cera-feliz-cumpleanos-01","velas-de-cera-feliz-cumplanos-1","Velas","Feliz Cumpleaños","Rosa Metálico"
"velas-cera-feliz-cumpleanos-02","velas-de-cera-feliz-cumplanos-2","Velas","Feliz Cumpleaños","Rosa Gold Metálico"
"velas-cera-feliz-cumpleanos-03","velas-de-cera-feliz-cumplanos-3","Velas","Feliz Cumpleaños","Cobre Metálico"
"velas-cera-feliz-cumpleanos-04","velas-de-cera-feliz-cumplanos-4","Velas","Feliz Cumpleaños","Plateado Metálico"
"velas-happy-birthday-01","vela-happy-birthday-dorado","Velas","Happy Birthday","Dorado Metálico"
"velas-happy-birthday-02","vela-happy-birthday-plateado","Velas","Happy Birthday","Plateado Metálico"
"velas-happy-birthday-03","vela-happy-birthday-cobre","Velas","Happy Birthday","Cobre Metálico"
"velas-happy-birthday-04","vela-happy-birthday-rosa","Velas","Happy Birthday","Rosa Metálico"
"velas-happy-birthday-05","vela-happy-birthday-rosa-gold","Velas","Happy Birthday","Rosa Gold Metálico"
"velas-happy-birthday-06","vela-happy-birthday-azul","Velas","Happy Birthday","Azul Metálico"
"velas-happy-birthday-07","vela-happy-birthday-rojo","Velas","Happy Birthday","Rojo Metálico"
"velas-cera-feliz-cumpleanos-06","velas-de-cera-feliz-cumplanos-5","Velas","Feliz Cumpleaños","Azul Metálico"
"toppers-01","feliz-cumpleanos-madera","Accesorios","Toppers","Feliz Cumpleaños Madera"
"kit-globos-feliz-cumpleanos-01","kit-globos-futbol-verde-y-tarro-de-cerveza","Globos y Kits","Cumpleaños","Fútbol Verde y Cerveza"
"kit-globos-feliz-cumpleanos-02","kit-globos-futbol-negro-y-plata-con-playera","Globos y Kits","Cumpleaños","Fútbol Negro y Plata con Playera"
"kit-globos-feliz-cumpleanos-03","kit-globos-futbol-rosa-con-letrero","Globos y Kits","Cumpleaños","Fútbol Rosa con Letrero"
"kit-globos-feliz-cumpleanos-04","kit-globos-futbol-verde-con-letrero","Globos y Kits","Cumpleaños","Fútbol Verde con Letrero"
"kit-globos-feliz-cumpleanos-05","kit-globos-futbol-verde-con-copa-dorada","Globos y Kits","Cumpleaños","Fútbol Verde con Copa Dorada"
"kit-globos-feliz-cumpleanos-06","kit-globos-futbol-verde-con-muneco","Globos y Kits","Cumpleaños","Fútbol Verde con Muñeco"
"kit-globos-feliz-cumpleanos-07","kit-globos-elegante-negro-y-dorado-con-mono","Globos y Kits","Cumpleaños","Elegante Negro y Dorado con Moño"
"kit-globos-feliz-cumpleanos-08","kit-globos-tematica-dulces-y-paletas","Globos y Kits","Cumpleaños","Temática Dulces y Paletas"
"kit-globos-feliz-cumpleanos-09","kit-globos-tematica-donas-y-helados","Globos y Kits","Cumpleaños","Temática Donas y Helados"
"kit-globos-feliz-cumpleanos-10","kit-globos-elegante-blanco-y-dorado","Globos y Kits","Cumpleaños","Elegante Blanco y Dorado"
"kit-globos-feliz-cumpleanos-11","kit-globos-tematica-safari-y-animal-print","Globos y Kits","Cumpleaños","Temática Safari y Animal Print"
"kit-globos-feliz-cumpleanos-12","kit-globos-elegante-plata-y-blanco-con-letrero-dorados","Globos y Kits","Cumpleaños","Elegante Plata y Blanco con Letrero Dorados"
"kit-globos-feliz-cumpleanos-13","kit-globos-verde-eucalipto-arena-y-cristal","Globos y Kits","Cumpleaños","Verde Eucalipto, Arena y Cristal"
"kit-globos-feliz-cumpleanos-14","kit-globos-tematica-mariposas-lavanda-y-oro","Globos y Kits","Cumpleaños","Temática Mariposas Lavanda y Oro"
"kit-globos-feliz-cumpleanos-15","kit-globos-tematica-monsters-inc","Globos y Kits","Cumpleaños","Temática Monsters Inc"
"kit-globos-feliz-cumpleanos-16","kit-globos-arcoiris-tonos-pastel","Globos y Kits","Cumpleaños","Arcoíris Tonos Pastel"
"kit-globos-feliz-cumpleanos-17","kit-globos-elegante-azul-marino-y-oro-cromado","Globos y Kits","Cumpleaños","Elegante Azul Marino y Oro Cromado"
"kit-globos-feliz-cumpleanos-18","kit-globos-tematica-espacio-y-astronauta","Globos y Kits","Cumpleaños","Temática Espacio y Astronauta"
"kit-globos-feliz-cumpleanos-19","kit-globos-tematica-minions-con-dorado","Globos y Kits","Cumpleaños","Temática Minions con Dorado"
"kit-globos-feliz-cumpleanos-20","kit-globos-tematica-buzz-lightyear","Globos y Kits","Cumpleaños","Temática Buzz Lightyear"
"kit-globos-feliz-cumpleanos-21","kit-globos-tematica-construccion-negro-amarillo-y-oro-cromado","Globos y Kits","Cumpleaños","Temática Construcción Negro, Amarillo y Oro Cromado"
"kit-globos-feliz-cumpleanos-22","kit-globos-corona-rey-azul-metalico-celeste-y-plata","Globos y Kits","Cumpleaños","Corona Rey Azul Metálico, Celeste y Plata"
"kit-globos-feliz-cumpleanos-23","corona-de-rey-azul","Globos y Kits","Cumpleaños","Corona de Rey Azul"
"kit-globos-feliz-cumpleanos-24","rosa-pastel-y-oro-rosa","Globos y Kits","Cumpleaños","Rosa Pastel y Oro Rosa"
"kit-globos-feliz-cumpleanos-25","sirena-y-conchas-marina","Globos y Kits","Cumpleaños","Sirena y Conchas Marina"
"kit-globos-feliz-cumpleanos-26","boho-eucalipto-y-arena","Globos y Kits","Cumpleaños","Boho Eucalipto y Arena"
"kit-globos-feliz-cumpleanos-27","rosa-metalico-y-corazones","Globos y Kits","Cumpleaños","Rosa Metálico y Corazones"
"kit-globos-feliz-cumpleanos-28","negro-y-rosa-fucsia","Globos y Kits","Cumpleaños","Negro y Rosa Fucsia"
"kit-globos-feliz-cumpleanos-29","margaritas-amarillo-y-celeste","Globos y Kits","Cumpleaños","Margaritas Amarillo y Celeste"
"kit-globos-feliz-cumpleanos-30","fiesta-selva-verde-y-dorado","Globos y Kits","Cumpleaños","Fiesta Selva Verde y Dorado"
"kit-globos-feliz-cumpleanos-31","elegante-azul-marino-y-celeste","Globos y Kits","Cumpleaños","Elegante Azul Marino y Celeste"
"kit-globos-feliz-cumpleanos-32","tonos-pastel-lila-y-coral","Globos y Kits","Cumpleaños","Tonos Pastel Lila y Coral"
"kit-globos-feliz-cumpleanos-33","elegante-arena-y-oro","Globos y Kits","Cumpleaños","Elegante Arena y Oro"
"kit-globos-feliz-cumpleanos-34","blanco-y-plata-cromado","Globos y Kits","Cumpleaños","Blanco y Plata Cromado"
"kit-globos-feliz-cumpleanos-35","safari-estampados-de-animales","Globos y Kits","Cumpleaños","Safari Estampados de Animales"
"kit-globos-feliz-cumpleanos-36","margaritas-tonos-pastel","Globos y Kits","Cumpleaños","Margaritas Tonos Pastel"
"kit-globos-feliz-cumpleanos-37","princesita-sofia-morado","Globos y Kits","Cumpleaños","Princesita Sofía Morado"
"kit-globos-feliz-cumpleanos-38","negro-y-plata-metalico","Globos y Kits","Cumpleaños","Negro y Plata Metálico"
"kit-globos-feliz-cumpleanos-39","safari-elegante-negro-y-verde","Globos y Kits","Cumpleaños","Safari Elegante Negro y Verde"
"kit-de-globo-revelacion-01","baby-shower-nino-azul-y-blanco","Globos y Kits","Revelación","Niño Azul y Blanco"
"kit-de-globo-revelacion-02","revelacion-de-genero-con-cortinas","Globos y Kits","Revelación","Girl o Boy"
"kit-de-globo-revelacion-03","elegante-menta-y-dorado-cromado","Globos y Kits","Revelación","Menta y Dorado Cromado"
"kit-de-globo-revelacion-04","revelacion-azul-y-rosa-pastel","Globos y Kits","Revelación","Azul y Rosa Pastel"
"kit-de-globo-revelacion-05","baby-shower-nina-rosa-y-blanco","Globos y Kits","Revelación","Niña Rosa y Blanco"
"globo-de-letras-07","baby-shower-azul","Globos y Kits","Revelación","Baby Shower Azul"
"kit-de-personaje-01","kit-mario-bros","Globos y Kits","Personajes","Kit Mario Bros"
"kit-de-personaje-02","kit-bowser","Globos y Kits","Personajes","Kit Bowser"
"kit-de-personaje-03","kit-yoshi","Globos y Kits","Personajes","Kit Yoshi"
"kit-de-personaje-04","kit-princesa-peach","Globos y Kits","Personajes","Kit Princesa Peach"
"kit-de-personaje-05","kit-luigi","Globos y Kits","Personajes","Kit Luigi"
"kit-de-personaje-06","kit-my-little-pony","Globos y Kits","Personajes","Kit My Little Pony"
"kit-de-personaje-07","kit-bella-y-bestia","Globos y Kits","Personajes","Kit Bella y Bestia"
"kit-de-personaje-08","kit-elsa-frozen","Globos y Kits","Personajes","Kit Elsa Frozen"
"kit-de-personaje-09","kit-ana-frozen","Globos y Kits","Personajes","Kit Ana Frozen"
"kit-de-personaje-10","kit-olaf-frozen","Globos y Kits","Personajes","Kit Olaf Frozen"
"kit-de-personaje-11","kit-sirenita-ariel","Globos y Kits","Personajes","Kit Sirenita Ariel"
"kit-de-personaje-12","kit-flounder","Globos y Kits","Personajes","Kit Flounder"
"kit-de-personaje-13","kit-cenicienta","Globos y Kits","Personajes","Kit Cenicienta"
"kit-de-personaje-14","kit-blancanieves","Globos y Kits","Personajes","Kit Blancanieves"
"kit-de-personaje-15","kit-moana","Globos y Kits","Personajes","Kit Moana"
"kit-de-personaje-16","kit-bella","Globos y Kits","Personajes","Kit Bella"
"kit-de-personaje-17","kit-aurora","Globos y Kits","Personajes","Kit Aurora"
"kit-de-personaje-18","kit-rapunzel","Globos y Kits","Personajes","Kit Rapunzel"
"kit-de-personaje-19","kit-jasmine","Globos y Kits","Personajes","Kit Jasmine"
"kit-de-personaje-20","kit-tiana","Globos y Kits","Personajes","Kit Tiana"
"kit-de-personaje-21","kit-kuromi","Globos y Kits","Personajes","Kit Kuromi"
"kit-de-personaje-22","kit-hello-kitty","Globos y Kits","Personajes","Kit Hello Kitty"
"kit-de-personaje-23","kit-my-melody","Globos y Kits","Personajes","Kit My Melody"
"kit-de-personaje-24","kit-cinnamoroll","Globos y Kits","Personajes","Kit Cinnamoroll"
"kit-de-personaje-25","kit-badtz-maru","Globos y Kits","Personajes","Kit Badtz-Maru"
"kit-de-personaje-26","kit-keroppi","Globos y Kits","Personajes","Kit Keroppi"
"kit-de-personaje-27","kit-pompompurin","Globos y Kits","Personajes","Kit Pompompurin"
"kit-de-personaje-28","kit-pochacco","Globos y Kits","Personajes","Kit Pochacco"
"kit-de-personaje-29","kit-chococat","Globos y Kits","Personajes","Kit Chococat"
"kit-de-personaje-30","kit-little-twin-stars","Globos y Kits","Personajes","Kit Little Twin Stars"
"kit-de-personaje-31","kit-spiderman","Globos y Kits","Personajes","Kit Spiderman"
"kit-de-personaje-32","kit-batman","Globos y Kits","Personajes","Kit Batman"
"kit-de-personaje-33","kit-superman","Globos y Kits","Personajes","Kit Superman"
"kit-de-personaje-34","kit-iron-man","Globos y Kits","Personajes","Kit Iron Man"
"kit-de-personaje-35","kit-capitan-america","Globos y Kits","Personajes","Kit Capitán América"
"kit-de-personaje-36","kit-hulk","Globos y Kits","Personajes","Kit Hulk"
"kit-de-personaje-37","kit-thor","Globos y Kits","Personajes","Kit Thor"
"kit-de-personaje-38","kit-chase-paw-patrol","Globos y Kits","Personajes","Kit Chase Paw Patrol"
"kit-de-personaje-39","kit-marshall-paw-patrol","Globos y Kits","Personajes","Kit Marshall Paw Patrol"
"kit-de-personaje-40","kit-skye-paw-patrol-01","Globos y Kits","Personajes","Kit Skye Paw Patrol"
"kit-de-personaje-41","kit-rubble-paw-patrol","Globos y Kits","Personajes","Kit Rubble Paw Patrol"
"kit-de-personaje-42","kit-futbol","Globos y Kits","Personajes","Kit Fútbol"
"kit-de-personaje-43","kit-bob-esponja","Globos y Kits","Personajes","Kit Bob Esponja"
"kit-de-personaje-44","kit-rapunzel-princesas","Globos y Kits","Personajes","Kit Rapunzel Princesas"
"kit-de-personaje-45","kit-angel-y-stitch","Globos y Kits","Personajes","Kit Ángel y Stitch"
"kit-de-personaje-46","kit-virgen-de-guadalupe","Globos y Kits","Personajes","Kit Virgen de Guadalupe"
"kit-de-personaje-47","kit-minnie-mouse","Globos y Kits","Personajes","Kit Minnie Mouse"
"kit-de-personaje-48","kit-tiburon-gym","Globos y Kits","Personajes","Kit Tiburón Gym"
"kit-de-personaje-49","kit-sonic","Globos y Kits","Personajes","Kit Sonic"
"kit-de-personaje-50","kit-vaca-animada","Globos y Kits","Personajes","Kit Vaca Animada"
"kit-de-personaje-51","kit-cebra-animada","Globos y Kits","Personajes","Kit Cebra Animada"
"kit-de-personaje-52","kit-mono-animado","Globos y Kits","Personajes","Kit Mono Animado"
"kit-de-personaje-53","kit-skye-paw-patrol-02","Globos y Kits","Personajes","Kit Skye Paw Patrol"
"kit-de-personaje-54","kit-dinosaurio-t-rex-naranja","Globos y Kits","Personajes","Kit Dinosaurio T-Rex Naranja"
"kit-de-personaje-55","kit-dinosaurio-t-rex-rojo","Globos y Kits","Personajes","Kit Dinosaurio T-Rex Rojo"
"kit-de-personaje-56","kit-dinosaurio-triceratops","Globos y Kits","Personajes","Kit Dinosaurio Triceratops"
"kit-de-personaje-57","kit-winnie-pooh","Globos y Kits","Personajes","Kit Winnie Pooh"
"kit-de-personaje-58","kit-rayo-mcqueen","Globos y Kits","Personajes","Kit Rayo McQueen"
"kit-de-personaje-59","kit-futbol-americano","Globos y Kits","Personajes","Kit Fútbol Americano"
"kit-de-personaje-60","kit-baloncesto","Globos y Kits","Personajes","Kit Baloncesto"
"kit-de-personaje-61","plim-plim","Globos y Kits","Personajes","Plim Plim"
"kit-de-personaje-62","malefica","Globos y Kits","Personajes","Maléfica"
"kit-de-personaje-63","los-increibles","Globos y Kits","Personajes","Los Increíbles"
"kit-de-personaje-64","cruella-de-vil","Globos y Kits","Personajes","Cruella de Vil"
"kit-de-personaje-65","aladdin-jasmin","Globos y Kits","Personajes","Aladdín / Jasmín"
"kit-de-personaje-66","pocahontas","Globos y Kits","Personajes","Pocahontas"
"kit-de-personaje-67","mulan","Globos y Kits","Personajes","Mulán"
"kit-de-personaje-68","tiana-la-princesa-y-el-sapo","Globos y Kits","Personajes","Tiana (La Princesa y el Sapo)"
"kit-de-personaje-69","merida-valiente","Globos y Kits","Personajes","Mérida (Valiente)"
"kit-de-personaje-70","moana","Globos y Kits","Personajes","Moana"
"kit-de-personaje-71","raya-el-ultimo-dragon","Globos y Kits","Personajes","Raya (El Último Dragón)"
"kit-de-personaje-72","mirabel-encanto","Globos y Kits","Personajes","Mirabel (Encanto)"
"kit-de-personaje-73","asha-wish-el-poder-de-los-deseos","Globos y Kits","Personajes","Asha (Wish: El Poder de los Deseos)"
"kit-de-personaje-74","intensamente-ansiedad","Globos y Kits","Personajes","Intensamente (Ansiedad)"
"kit-de-personaje-75","naruto-diseno-clasico-shippuden","Globos y Kits","Personajes","Naruto (Diseño Clásico / Shippuden)"
"kit-de-personaje-76","one-piece-luffy","Globos y Kits","Personajes","One Piece (Luffy)"
"kit-de-personaje-77","dragon-ball-goku","Globos y Kits","Personajes","Dragon Ball (Goku)"
"kit-de-personaje-78","demon-slayer-tanjiro","Globos y Kits","Personajes","Demon Slayer (Tanjiro)"
"kit-de-personaje-79","my-hero-academia-deku","Globos y Kits","Personajes","My Hero Academia (Deku)"
"kit-de-personaje-80","jujutsu-kaisen-gojo","Globos y Kits","Personajes","Jujutsu Kaisen (Gojo)"
"kit-de-personaje-81","minecraft","Globos y Kits","Personajes","Minecraft"
"kit-de-personaje-82","fortnite","Globos y Kits","Personajes","Fortnite"
"kit-de-personaje-83","pokemon-pikachu","Globos y Kits","Personajes","Pokémon (Pikachu)"
"kit-de-personaje-84","super-mario-bros-luigi","Globos y Kits","Personajes","Super Mario Bros (Luigi)"
"kit-de-personaje-85","bowser-super-mario-bros","Globos y Kits","Personajes","Bowser (Super Mario Bros)"
"kit-de-personaje-86","yoshi-super-mario-bros","Globos y Kits","Personajes","Yoshi (Super Mario Bros)"
"kit-de-personaje-87","toad-honguito-super-mario-bros","Globos y Kits","Personajes","Toad / Honguito (Super Mario Bros)"
"kit-de-personaje-88","princesa-peach-super-mario-bros","Globos y Kits","Personajes","Princesa Peach (Super Mario Bros)"
"kit-de-personaje-89","rosita-fresita","Globos y Kits","Personajes","Rosita Fresita"
"kit-de-personaje-90","monster-high","Globos y Kits","Personajes","Monster High"
"kit-de-personaje-91","princesita-sofia","Globos y Kits","Personajes","Princesita Sofía"
"kit-de-personaje-92","sonic","Globos y Kits","Personajes","Sonic"
"kit-de-personaje-93","motociclista-de-carreras-moto-azul","Globos y Kits","Personajes","Motociclista de Carreras / Moto Azul"
"kit-de-personaje-94","spider-man","Globos y Kits","Personajes","Spider-Man"
"kit-de-personaje-95","granja-gallo","Globos y Kits","Personajes","Granja / Gallo"
"kit-de-personaje-96","princesa-aurora-la-bella-durmiente","Globos y Kits","Personajes","Princesa Aurora / La Bella Durmiente"
"kit-de-personaje-97","capibara","Globos y Kits","Personajes","Capibara"
"kit-de-personaje-98","cenicienta","Globos y Kits","Personajes","Cenicienta"
"kit-de-personaje-99","blancanieves","Globos y Kits","Personajes","Blancanieves"
"kit-de-personaje-100","bandera-de-mexico","Globos y Kits","Personajes","Bandera de México"
"kit-de-personaje-101","naruto-estilo-chibi","Globos y Kits","Personajes","Naruto (Estilo Chibi)"
"kit-de-personaje-102","changuito-mono-de-cumpleanos","Globos y Kits","Personajes","Changuito / Mono de Cumpleaños"
"kit-de-personaje-103","iron-man","Globos y Kits","Personajes","Iron Man"
"kit-de-personaje-104","cono-de-helado-happy-birthday","Globos y Kits","Personajes","Cono de Helado / Happy Birthday"
"kit-de-personaje-105","malteada-frappe","Globos y Kits","Personajes","Malteada / Frappé"
"kit-de-personaje-106","mariposa","Globos y Kits","Personajes","Mariposa"
"kit-de-personaje-107","barbie-letrero-logo","Globos y Kits","Personajes","Barbie Letrero Logo"
"kit-de-personaje-108","barbie-en-carro-rosa","Globos y Kits","Personajes","Barbie en Carro Rosa"
"kit-de-personaje-109","primera-comunion-azul-on-your-communion","Globos y Kits","Personajes","Primera Comunión Azul / On Your Communion"
"kit-de-personaje-110","pato-donald","Globos y Kits","Personajes","Pato Donald"
"kit-de-personaje-111","primera-comunion-rosa-on-your-communion","Globos y Kits","Personajes","Primera Comunión Rosa / On Your Communion"
"kit-de-personaje-112","roblox","Globos y Kits","Personajes","Roblox"
"kit-de-personaje-113","toy-story-woody","Globos y Kits","Personajes","Toy Story / Woody"
"kit-de-personaje-114","caballos-rosa-y-negro","Globos y Kits","Personajes","Caballos (Rosa y Negro)"
"kit-de-personaje-115","kuromi","Globos y Kits","Personajes","Kuromi"
"kit-globlos-boda-01","nuestra-boda-blanco-y-oro","Globos y Kits","Boda","Blanco y Oro"
"kit-globo-te-amo-01","te-amo-tono-rosa-y-cafe","Globos y Kits","Te Amo","Tono Rosa y Café"
"kit-globo-te-amo-02","te-amo-fucsia-y-negro","Globos y Kits","Te Amo","Fucsia y Negro"
"kit-de-globos-graduacion-01","feliz-graduacion-azul-marino-y-oro","Globos y Kits","Graduación","Azul Marino y Oro"
"globos-comunes-01","paquete-globos-de-latex-colores-surtidos-1","Globos y Kits","Globos Sueltos","Látex Surtidos 1"
"globos-comunes-02","paquete-globos-de-latex-colores-surtidos-2","Globos y Kits","Globos Sueltos","Látex Surtidos 2"
"arreglo-para-globo-01","kit-arreglo-de-globo-luminoso-con-rosa","Globos y Kits","Arreglos","Globo Luminoso con Rosa"
"feliz-aniversario-01","kit-de-arco-de-globos-happy-anniversary-negro-con-oro","Globos y Kits","Aniversario","Negro con Oro"
"feliz-aniversario-02","kit-de-arco-de-globos-happy-anniversary-plata-con-blanco","Globos y Kits","Aniversario","Plata con Blanco"
"globo-de-letras-13","feliz-cumpleanos-oro","Globos y Kits","Letras","Feliz Cumpleaños Oro"
"globo-de-letras-12","feliz-cumpleanos-plata-02","Globos y Kits","Letras","Feliz Cumpleaños Plata"
"globo-de-letras-14","feliz-cumpleanos-negro","Globos y Kits","Letras","Feliz Cumpleaños Negro"
"globo-de-letras-06","feliz-cumpleanos-tono-pastel","Globos y Kits","Letras","Feliz Cumpleaños Tono Pastel"
"globo-de-letras-15","feliz-cumpleanos-rosa","Globos y Kits","Letras","Feliz Cumpleaños Rosa"
"globo-de-letras-17","feliz-cumpleanos-rojo","Globos y Kits","Letras","Feliz Cumpleaños Rojo"
"globo-de-letras-18","feliz-cumpleanos-morado","Globos y Kits","Letras","Feliz Cumpleaños Morado"
"globo-de-letras-08","feliz-cumpleanos-plata-01","Globos y Kits","Letras","Feliz Cumpleaños Plata Cursiva"
"globo-de-letras-09","feliz-cumpleanos-multicolor","Globos y Kits","Letras","Feliz Cumpleaños Multicolor"
"globo-de-letras-16","feliz-cumpleanos-dorado-cursiva","Globos y Kits","Letras","Feliz Cumpleaños Dorado Cursiva"
"globo-de-letras-19","feliz-cumpleanos-negro-cursiva","Globos y Kits","Letras","Feliz Cumpleaños Negro Cursiva"
"globo-de-letras-22","feliz-cumpleanos-habile-oro","Globos y Kits","Letras","Feliz Cumpleaños Oro/Plata Brillante"
"globo-de-letras-21","happy-birthday-plata-cursiva","Globos y Kits","Letras","Happy Birthday Plata Cursiva"
"globo-de-letras-20","mis-15-anos-oro","Globos y Kits","Letras","Mis 15 Años Oro"
"globo-de-letras-04","mi-bautizo-oro","Globos y Kits","Letras","Bautizo Oro"
"globo-de-letras-03","mi-bautizo-plata","Globos y Kits","Letras","Bautizo Plata"
"globo-de-letras-02","primera-comunion-oro","Globos y Kits","Letras","Primera Comunión Oro"
"globo-de-letras-01","primera-comunion-plata","Globos y Kits","Letras","Primera Comunión Plata"
"globo-de-letras-05","bienvenido-oro-01","Globos y Kits","Letras","Bienvenido Oro"
"globo-de-letras-11","bienvenido-oro-02","Globos y Kits","Letras","Bienvenido Oro"
"globo-de-letras-10","bienvenido-plata","Globos y Kits","Letras","Bienvenido Plata"
"banderin-01","banderin-plateado-adiamantado-letras-oro","Banderines","Cumpleaños Adiamantado","Banderín Plateado Adiamantado Letras Oro"
"banderin-02","banderin-rosa-adiamantado-letras-oro","Banderines","Cumpleaños Adiamantado","Banderín Rosa Adiamantado Letras Oro"
"banderin-03","banderin-azul-adiamantado-letras-oro","Banderines","Cumpleaños Adiamantado","Banderín Azul Adiamantado Letras Oro"
"banderin-04","banderin-verde-adiamantado-letras-oro","Banderines","Cumpleaños Adiamantado","Banderín Verde Adiamantado Letras Oro"
"banderin-05","banderin-negro-adiamantado-letras-oro","Banderines","Cumpleaños Adiamantado","Banderín Negro Adiamantado Letras Oro"
"banderin-06","banderin-morado-adiamantado-letras-oro","Banderines","Cumpleaños Adiamantado","Banderín Morado Adiamantado Letras Oro"
"banderin-07","banderin-rojo-adiamantado-letras-oro","Banderines","Cumpleaños Adiamantado","Banderín Rojo Adiamantado Letras Oro"
"banderin-08","banderin-fucsia-adiamantado-letras-oro","Banderines","Cumpleaños Adiamantado","Banderín Fucsia Adiamantado Letras Oro"
"banderin-09","banderin-dorado-adiamantado-letras-plata","Banderines","Cumpleaños Adiamantado","Banderín Dorado Adiamantado Letras Plata"
"banderin-10","banderin-rosa-holografico-letras-oro","Banderines","Cumpleaños Holográfico","Banderín Rosa Holográfico Letras Oro"
"banderin-11","banderin-azul-holografico-letras-oro","Banderines","Cumpleaños Holográfico","Banderín Azul Holográfico Letras Oro"
"banderin-12","banderin-morado-holografico-letras-oro","Banderines","Cumpleaños Holográfico","Banderín Morado Holográfico Letras Oro"
"banderin-13","banderin-rojo-holografico-letras-oro","Banderines","Cumpleaños Holográfico","Banderín Rojo Holográfico Letras Oro"
"banderin-11","banderin-liso-negro","Banderines","Cumpleaños Liso","Banderín Liso Negro"
"banderin-12","banderin-liso-blanco","Banderines","Cumpleaños Liso","Banderín Liso Blanco"
"banderin-13","banderin-liso-rosa","Banderines","Cumpleaños Liso","Banderín Liso Rosa"
"banderin-14","banderin-liso-durazno","Banderines","Cumpleaños Liso","Banderín Liso Durazno"
"banderin-15","banderin-liso-magenta","Banderines","Cumpleaños Liso","Banderín Liso Magenta"
"banderin-16","banderin-liso-azul","Banderines","Cumpleaños Liso","Banderín Liso Azul"
"banderin-17","banderin-liso-lila","Banderines","Cumpleaños Liso","Banderín Liso Lila"
"banderin-18","banderin-liso-celeste","Banderines","Cumpleaños Liso","Banderín Liso Celeste"
"banderin-19","banderin-liso-baby-shower-corazon-rosa","Banderines","Baby Shower","Banderín Liso Baby Shower Corazón Rosa"
"banderin-20","banderin-liso-baby-shower-corazon-azul","Banderines","Baby Shower","Banderín Liso Baby Shower Corazón Azul"
"mantel-metalico-para-mesa-01","mantel-foil-desechable-verde-plata","Manteles y Cortinas","Manteles Metálicos","Mantel Foil Desechable Verde/Plata"
"mantel-metalico-para-mesa-02","mantel-foil-desechable-negro-oro-rosa","Manteles y Cortinas","Manteles Metálicos","Mantel Foil Desechable Negro/Oro Rosa"
"mantel-metalico-para-mesa-03","mantel-foil-desechable-rojo-rosa-pastel","Manteles y Cortinas","Manteles Metálicos","Mantel Foil Desechable Rojo/Rosa Pastel"
"mantel-metalico-para-mesa-04","mantel-foil-desechable-azul-cielo-fucsia","Manteles y Cortinas","Manteles Metálicos","Mantel Foil Desechable Azul Cielo/Fucsia"
"mantel-metalico-para-mesa-05","mantel-foil-desechable-azul-rey-dorado","Manteles y Cortinas","Manteles Metálicos","Mantel Foil Desechable Azul Rey/Dorado"
"mantel-para-mesa-02","mantel-plastico-reusable-morado","Manteles y Cortinas","Manteles","Mantel Plástico Reusable Morado"
"mantel-para-mesa-03","mantel-plastico-reusable-rosa","Manteles y Cortinas","Manteles","Mantel Plástico Reusable Rosa"
"mantel-para-mesa-04","mantel-plastico-reusable-cafe","Manteles y Cortinas","Manteles","Mantel Plástico Reusable Café"
"mantel-para-mesa-05","mantel-plastico-reusable-verde","Manteles y Cortinas","Manteles","Mantel Plástico Reusable Verde"
"mantel-para-mesa-06","mantel-plastico-reusable-blanco","Manteles y Cortinas","Manteles","Mantel Plástico Reusable Blanco"
"mantel-para-mesa-07","mantel-plastico-reusable-negro","Manteles y Cortinas","Manteles","Mantel Plástico Reusable Negro"
"mantel-para-mesa-08","mantel-plastico-reusable-lila","Manteles y Cortinas","Manteles","Mantel Plástico Reusable Lila"
"mantel-para-mesa-09","mantel-plastico-reusable-amarillo","Manteles y Cortinas","Manteles","Mantel Plástico Reusable Amarillo"
"mantel-para-mesa-10","mantel-plastico-reusable-naranja","Manteles y Cortinas","Manteles","Mantel Plástico Reusable Naranja"
"mantel-para-mesa-11","mantel-plastico-reusable-verde-limon","Manteles y Cortinas","Manteles","Mantel Plástico Reusable Verde Limón"
"mantel-para-mesa-12","mantel-plastico-reusable-oro","Manteles y Cortinas","Manteles","Mantel Plástico Reusable Oro"
"mantel-para-mesa-13","mantel-plastico-reusable-salmon","Manteles y Cortinas","Manteles","Mantel Plástico Reusable Salmón"
"mantel-para-mesa-14","mantel-plastico-reusable-rosa-pastel","Manteles y Cortinas","Manteles","Mantel Plástico Reusable Rosa Pastel"
"mantel-para-mesa-15","mantel-plastico-reusable-plata","Manteles y Cortinas","Manteles","Mantel Plástico Reusable Plata"
"cortina-cuadrado-01","cortina-metalica-cuadros-plata","Manteles y Cortinas","Cortina Cuadrada","Cortina Metálica Cuadros Plata"
"cortina-cuadrado-02","cortina-metalica-cuadros-verde","Manteles y Cortinas","Cortina Cuadrada","Cortina Metálica Cuadros Verde"
"cortina-cuadrado-03","cortina-metalica-cuadros-azul-cielo","Manteles y Cortinas","Cortina Cuadrada","Cortina Metálica Cuadros Azul Cielo"
"cortina-cuadrado-04","cortina-metalica-cuadros-morado","Manteles y Cortinas","Cortina Cuadrada","Cortina Metálica Cuadros Morado"
"cortina-cuadrado-05","cortina-metalica-cuadros-amarillo","Manteles y Cortinas","Cortina Cuadrada","Cortina Metálica Cuadros Amarillo"
"cortina-cuadrado-07","cortina-metalica-cuadros-dorado","Manteles y Cortinas","Cortina Cuadrada","Cortina Metálica Cuadros Dorado"
"cortina-cuadrado-08","cortina-metalica-cuadros-negro","Manteles y Cortinas","Cortina Cuadrada","Cortina Metálica Cuadros Negro"
"cortina-cuadrado-10","cortina-metalica-cuadros-oro-rosa","Manteles y Cortinas","Cortina Cuadrada","Cortina Metálica Cuadros Oro Rosa"
"cortina-cuadrado-11","cortina-metalica-cuadros-rosa-pastel","Manteles y Cortinas","Cortina Cuadrada","Cortina Metálica Cuadros Rosa Pastel"
"cortina-cuadrado-12","cortina-metalica-cuadros-rojo","Manteles y Cortinas","Cortina Cuadrada","Cortina Metálica Cuadros Rojo"
"cortina-cuadrado-13","cortina-metalica-cuadros-naranja","Manteles y Cortinas","Cortina Cuadrada","Cortina Metálica Cuadros Naranja"
"cortina-cuadrado-14","cortina-metalica-cuadros-bronce","Manteles y Cortinas","Cortina Cuadrada","Cortina Metálica Cuadros Bronce"
"cortina-cuadrado-chico-01","cortina-metalica-cuadros-chicos-azul-marino","Manteles y Cortinas","Cortina Cuadrada Chica","Cortina Metálica Cuadros Chicos Azul Marino"
"cortina-cuadrado-chico-02","cortina-metalica-cuadros-chicos-dorado","Manteles y Cortinas","Cortina Cuadrada Chica","Cortina Metálica Cuadros Chicos Dorado"
"cortina-cuadrado-chico-03","cortina-metalica-cuadros-chicos-guinda","Manteles y Cortinas","Cortina Cuadrada Chica","Cortina Metálica Cuadros Chicos Guinda"
"cortina-cuadrado-chico-04","cortina-metalica-cuadros-chicos-negro-rojo","Manteles y Cortinas","Cortina Cuadrada Chica","Cortina Metálica Cuadros Chicos Negro / Rojo"
"cortina-cuadrado-chico-05","cortina-metalica-cuadros-chicos-azul-rosa","Manteles y Cortinas","Cortina Cuadrada Chica","Cortina Metálica Cuadros Chicos Azul / Rosa"
"cortina-cuadrado-chico-06","cortina-metalica-cuadros-chicos-plata-dorado","Manteles y Cortinas","Cortina Cuadrada Chica","Cortina Metálica Cuadros Chicos Plata / Dorado"
"cortina-cuadrado-chico-07","cortina-metalica-cuadros-chicos-oro-rosa-morado","Manteles y Cortinas","Cortina Cuadrada Chica","Cortina Metálica Cuadros Chicos Oro Rosa / Morado"
"cortina-cuadrado-chico-08","cortina-metalica-cuadros-chicos-colores-surtidos","Manteles y Cortinas","Cortina Cuadrada Chica","Cortina Metálica Cuadros Chicos Colores Surtidos"
"espuma-01","espuma-para-fiesta-colores-surtidos-1","Accesorios","Espuma","Espuma para Fiesta Colores Surtidos 1"
"espuma-02","espuma-para-fiesta-colores-surtidos-2","Accesorios","Espuma","Espuma para Fiesta Colores Surtidos 2"
"espuma-03","espuma-para-fiesta-colores-surtidos-3","Accesorios","Espuma","Espuma para Fiesta Colores Surtidos 3"
"mariposas-01","decoracion-mariposas-3d-colores-surtidos-1","Accesorios","Mariposas","Decoración Mariposas 3D Colores Surtidos 1"
"espantasuegras-01","espantasuegras-colores-surtidos-1","Accesorios","Espantasuegras","Espantasuegras Colores Surtidos 1"
"bomba-electrica-para-inflar-globos-01","inflador-electrico-para-globos","Accesorios","Bombas para Inflar","Inflador Eléctrico para Globos"
"bomba-manual-para-inflar-globos-01","inflador-manual-para-globos","Accesorios","Bombas para Inflar","Inflador Manual para Globos"
"invitaciones-01","invitaciones-infantiles-personajes-surtidos","Accesorios","Invitaciones","Invitaciones Infantiles Personajes Surtidos"
"palo-para-pinata-01","palo-para-pinata-decorado-colores-surtidos","Accesorios","Palo para Piñata","Palo para Piñata Decorado Colores Surtidos"
"bolsas-para-bolo-01","bolsa-de-bolo-feliz-cumpleanos","Accesorios","Bolsas para Bolo","Bolsa de Bolo Feliz Cumpleaños"
"bolsas-para-bolo-02","bolsa-de-bolo-sonic","Accesorios","Bolsas para Bolo","Bolsa de Bolo Sonic"
"bolsas-para-bolo-03","bolsa-de-bolo-dinosaurios","Accesorios","Bolsas para Bolo","Bolsa de Bolo Dinosaurios"
"bolsas-para-bolo-04","bolsa-de-bolo-paw-patrol","Accesorios","Bolsas para Bolo","Bolsa de Bolo Paw Patrol"
"bolsas-para-bolo-05","bolsa-de-bolo-toy-story","Accesorios","Bolsas para Bolo","Bolsa de Bolo Toy Story"
"bolsas-para-bolo-06","bolsa-de-bolo-kuromi","Accesorios","Bolsas para Bolo","Bolsa de Bolo Kuromi"
"bolsas-para-bolo-07","bolsa-de-bolo-moana","Accesorios","Bolsas para Bolo","Bolsa de Bolo Moana"
"bolsas-para-bolo-08","bolsa-de-bolo-rapunzel","Accesorios","Bolsas para Bolo","Bolsa de Bolo Rapunzel"
"bolsas-para-bolo-09","bolsa-de-bolo-roblox","Accesorios","Bolsas para Bolo","Bolsa de Bolo Roblox"
"bolsas-para-bolo-10","bolsa-de-bolo-huntrx","Accesorios","Bolsas para Bolo","Bolsa de Bolo Huntrx"
"bolsas-para-bolo-11","bolsa-de-bolo-spiderman","Accesorios","Bolsas para Bolo","Bolsa de Bolo Spiderman"
"bolsas-para-bolo-12","bolsa-de-bolo-stitch","Accesorios","Bolsas para Bolo","Bolsa de Bolo Stitch"
"bolsas-para-bolo-13","bolsa-de-bolo-sirenita","Accesorios","Bolsas para Bolo","Bolsa de Bolo Sirenita"
"bolsas-para-bolo-14","bolsa-de-bolo-superman","Accesorios","Bolsas para Bolo","Bolsa de Bolo Superman"
"bolsas-para-bolo-15","bolsa-de-bolo-mario-bros","Accesorios","Bolsas para Bolo","Bolsa de Bolo Mario Bros"
"bolsas-para-bolo-16","bolsa-de-bolo-avengers","Accesorios","Bolsas para Bolo","Bolsa de Bolo Avengers"
"bolsas-para-bolo-17","bolsa-de-bolo-avengers-age-of-ultron","Accesorios","Bolsas para Bolo","Bolsa de Bolo Avengers Age of Ultron"
"bolsas-para-bolo-18","bolsa-de-bolo-vaca","Accesorios","Bolsas para Bolo","Bolsa de Bolo Vaca"
"bolsas-para-bolo-19","bolsa-de-bolo-princesa-peach","Accesorios","Bolsas para Bolo","Bolsa de Bolo Princesa Peach"
"bolsas-para-bolo-20","bolsa-de-bolo-cars","Accesorios","Bolsas para Bolo","Bolsa de Bolo Cars"
"bolsas-para-bolo-21","bolsa-de-bolo-harry-potter","Accesorios","Bolsas para Bolo","Bolsa de Bolo Harry Potter"
"bolsas-para-bolo-22","bolsa-de-bolo-masha-y-el-oso","Accesorios","Bolsas para Bolo","Bolsa de Bolo Masha y el Oso"
"bolsas-para-bolo-23","bolsa-de-bolo-bella","Accesorios","Bolsas para Bolo","Bolsa de Bolo Bella"
"bolsas-para-bolo-24","bolsa-de-bolo-princesas-disney","Accesorios","Bolsas para Bolo","Bolsa de Bolo Princesas Disney"
"bolsas-para-bolo-25","bolsa-de-bolo-the-batman","Accesorios","Bolsas para Bolo","Bolsa de Bolo The Batman"
"bolsas-para-bolo-26","bolsa-de-bolo-plim-plim-abeja","Accesorios","Bolsas para Bolo","Bolsa de Bolo Plim Plim Abeja"
"bolsas-para-bolo-27","bolsa-de-bolo-el-chavo-animado","Accesorios","Bolsas para Bolo","Bolsa de Bolo El Chavo Animado"
"bolsas-para-bolo-28","bolsa-de-bolo-la-granja-de-zenon","Accesorios","Bolsas para Bolo","Bolsa de Bolo La Granja de Zenón"
"bolsas-para-bolo-29","bolsa-de-bolo-jessie-toy-story","Accesorios","Bolsas para Bolo","Bolsa de Bolo Jessie Toy Story"
"bolsas-para-bolo-30","bolsa-de-bolo-plim-plim-circo","Accesorios","Bolsas para Bolo","Bolsa de Bolo Plim Plim Circo"
"bolsas-para-bolo-31","bolsa-de-bolo-cenicienta","Accesorios","Bolsas para Bolo","Bolsa de Bolo Cenicienta"
"bolsas-para-bolo-32","bolsa-de-bolo-plim-plim-abeja-azul","Accesorios","Bolsas para Bolo","Bolsa de Bolo Plim Plim Abeja Azul"
"bolsas-para-bolo-33","bolsa-de-bolo-minecraft","Accesorios","Bolsas para Bolo","Bolsa de Bolo Minecraft"
"bolsas-para-bolo-34","bolsa-de-bolo-minnie-mouse","Accesorios","Bolsas para Bolo","Bolsa de Bolo Minnie Mouse"
"bolsas-para-bolo-35","bolsa-de-bolo-futbol","Accesorios","Bolsas para Bolo","Bolsa de Bolo Fútbol"
"bolsas-para-bolo-36","bolsa-de-bolo-spiderman-felicidades","Accesorios","Bolsas para Bolo","Bolsa de Bolo Spiderman Felicidades"
"bolsas-para-bolo-37","bolsa-de-bolo-hello-kitty","Accesorios","Bolsas para Bolo","Bolsa de Bolo Hello Kitty"
"bolera-de-carton-pequena-01","bolera-de-carton-pequena","Accesorios","Bolera de Cartón","Bolera de Cartón Pequeña"
"bolos-carton-01","bolo-de-carton-bely-y-beto","Accesorios","Bolos de Cartón","Bolo de Cartón Bely y Beto"
"bolos-carton-02","bolo-de-carton-bella-y-bestia","Accesorios","Bolos de Cartón","Bolo de Cartón Bella y Bestia"
"bolos-carton-03","bolo-de-carton-spiderman","Accesorios","Bolos de Cartón","Bolo de Cartón Spiderman"
"bolos-carton-04","bolo-de-carton-lilo-y-stitch-hula","Accesorios","Bolos de Cartón","Bolo de Cartón Lilo y Stitch Hula"
"bolos-carton-05","bolo-de-carton-dragon-ball-goku","Accesorios","Bolos de Cartón","Bolo de Cartón Dragon Ball Goku"
"bolos-carton-06","bolo-de-carton-minecraft","Accesorios","Bolos de Cartón","Bolo de Cartón Minecraft"
"bolos-carton-07","bolo-de-carton-paw-patrol","Accesorios","Bolos de Cartón","Bolo de Cartón Paw Patrol"
"bolos-carton-08","bolo-de-carton-stitch-feliz-cumple","Accesorios","Bolos de Cartón","Bolo de Cartón Stitch Feliz Cumple"
"bolos-carton-09","bolo-de-carton-minnie-mouse-roja","Accesorios","Bolos de Cartón","Bolo de Cartón Minnie Mouse Roja"
"bolos-carton-10","bolo-de-carton-hello-kitty-feliz-cumple","Accesorios","Bolos de Cartón","Bolo de Cartón Hello Kitty Feliz Cumple"
"bolos-carton-11","bolo-de-carton-kuromi-feliz-cumple","Accesorios","Bolos de Cartón","Bolo de Cartón Kuromi Feliz Cumple"
"bolos-carton-12","bolo-de-carton-masha-y-el-oso","Accesorios","Bolos de Cartón","Bolo de Cartón Masha y el Oso"
"bolos-carton-13","bolo-de-carton-labubu","Accesorios","Bolos de Cartón","Bolo de Cartón Labubu"
